2012-11-05 15:04:36,modules/openlmis-web/src/main/webapp/public/pages/admin/product/upload.jsp,14,0,0,14,0
2012-10-18 03:22:39,modules/core-web/src/main/webapp/WEB-INF/views/core/index.jsp,5,0,0,5,0
2012-10-18 03:22:39,modules/core-web/src/main/webapp/index.jsp,5,0,0,5,0
2012-10-18 03:09:31,modules/admin-web/src/main/webapp/WEB-INF/views/admin/index.jsp,5,0,0,5,0
2012-10-18 03:09:31,modules/openlmis-web/src/main/webapp/WEB-INF/views/core/index.jsp,5,0,0,5,0
2012-10-17 06:14:52,modules/admin-web/src/main/webapp/WEB-INF/views/admin-hello.jsp,5,0,0,5,0
2012-10-17 06:14:52,modules/openlmis-web/src/main/webapp/WEB-INF/views/openlmis.jsp,5,0,0,5,0
2012-10-17 06:14:52,modules/openlmis-web/src/main/webapp/index.jsp,5,0,0,5,0
2012-10-15 08:04:52,modules/admin-web/src/main/webapp/admin-hello.jsp,5,0,0,5,0
2012-10-15 08:04:52,modules/openlmis-web/src/main/webapp/openlmis.jsp,5,0,0,5,0
2012-10-12 04:22:44,modules/admin-web/src/main/webapp/index.jsp,5,0,0,5,0
2012-10-11 09:02:57,modules/openlmis-web/src/main/webapp/index.jsp,5,0,0,5,0
