2014-03-12 01:08:11,zanata-war/src/main/webapp/account/kloginform.jsp,12,8,0,4
2013-11-14 03:29:19,zanata-war/src/main/webapp/account/kloginform.jsp,12,8,0,4
2013-11-13 02:21:39,zanata-war/src/main/webapp/account/kloginform.jsp,12,8,0,4
2013-11-12 20:53:11,zanata-war/src/main/webapp/account/kloginform.jsp,12,8,0,4
2009-04-14 01:28:13,shotoku/cms-template/file-access/listing.jsp,27,0,3,24
2009-04-14 01:28:13,shotoku/cms-template/shotoku-admin/services.jsp,65,0,2,63
2009-04-14 01:28:13,shotoku/shotoku-cache/cache-admin/src/web/index.jsp,3,3,0,0
2009-04-14 01:28:13,shotoku/shotoku-cache/cache-admin/src/web/pages/admin.jsp,261,0,4,257
2009-04-14 01:28:13,shotoku/shotoku-web/example/src/web/hello.jsp,12,0,2,10
2009-04-14 01:28:13,shotoku/shotoku-web/example/src/web/hello_jsf.jsp,12,0,2,10
